<?xml version="1.0" encoding="UTF-8"?><orml version="1.2" xmlns="http://sourceforge.net/p/openrokn/home/ORML"><channel> <item type="poster" style="flat-episodic-16x9" title="GREEK TV" shortdesc="GreekTV" sdposterurl="pkg:/images/sdvideos.png" hdposterurl="pkg:/images/hdvideos.png"><item type="video"
		title="Mega Channel"
		sdposterurl="https://az832071.vo.msecnd.net/images/mega.png"
		hdposterurl="https://az832071.vo.msecnd.net/images/mega.png"
		genre1="facebook.com/greektvroku"
		url="http://megahdlive1-f.akamaihd.net/i/live_1@105260/master.m3u8"
		ishd="true"
		bitrate="512"
		streamformat="hls"
		live="true">
		</item><item type="video"
		title="Alpha TV"
		sdposterurl="https://az832071.vo.msecnd.net/images/alpha.png"
		hdposterurl="https://az832071.vo.msecnd.net/images/alpha.png"
		genre1="facebook.com/greektvroku"
		url="http://alfakanali-lh.akamaihd.net/i/live_1@90368/master.m3u8"
		ishd="true"
		bitrate="512"
		streamformat="hls"
		live="true">
		</item><item type="video"
		title="Ellinikos FM"
		sdposterurl="https://az832071.vo.msecnd.net/images/ellinikosfm.png"
		hdposterurl="https://az832071.vo.msecnd.net/images/ellinikosfm.png"
		genre1="facebook.com/greektvroku"
		url="http://o98d0njv.blue.onyxservers.com/hls-live/livepkgr/_definst_/liveevent/EllinikosFM.m3u8"
		ishd="true"
		bitrate="512"
		streamformat="hls"
		live="true">
		</item><item type="video"
		title="ERT1"
		sdposterurl="https://az832071.vo.msecnd.net/images/ert1.png"
		hdposterurl="https://az832071.vo.msecnd.net/images/ert1.png"
		genre1="facebook.com/greektvroku"
		url="http://nerit1-lh.akamaihd.net/i/nerit_1@120689/master.m3u8"
		ishd="true"
		bitrate="512"
		streamformat="hls"
		live="true">
		</item><item type="video"
		title="ERT2"
		sdposterurl="https://az832071.vo.msecnd.net/images/ert2.png"
		hdposterurl="https://az832071.vo.msecnd.net/images/ert2.png"
		genre1="facebook.com/greektvroku"
		url="http://nerit2-lh.akamaihd.net/i/neritplus_1@121149/master.m3u8"
		ishd="true"
		bitrate="512"
		streamformat="hls"
		live="true">
		</item><item type="video"
		title="ERT3"
		sdposterurl="https://az832071.vo.msecnd.net/images/ert3.png"
		hdposterurl="https://az832071.vo.msecnd.net/images/ert3.png"
		genre1="facebook.com/greektvroku"
		url="http://ert3-lh.akamaihd.net/i/live_1@329807/master.m3u8"
		ishd="true"
		bitrate="512"
		streamformat="hls"
		live="true">
		</item><item type="video"
		title="ERT WebTV"
		sdposterurl="https://az832071.vo.msecnd.net/images/ertweb.png"
		hdposterurl="https://az832071.vo.msecnd.net/images/ertweb.png"
		genre1="facebook.com/greektvroku"
		url="http://nerit3-lh.akamaihd.net/i/prosexos_1@48667/master.m3u8"
		ishd="true"
		bitrate="512"
		streamformat="hls"
		live="true">
		</item><item type="video"
		title="RIK SAT"
		sdposterurl="https://az832071.vo.msecnd.net/images/riksat.png"
		hdposterurl="https://az832071.vo.msecnd.net/images/riksat.png"
		genre1="facebook.com/greektvroku"
		url="http://cdnvideo.webvideocore.net/livenl/out_2xtqzyrq6gysc48ko0cs/index.m3u8"
		ishd="true"
		bitrate="512"
		streamformat="hls"
		live="true">
		</item><item type="video"
		title="MAD TV"
		sdposterurl="https://az832071.vo.msecnd.net/images/madtv.png"
		hdposterurl="https://az832071.vo.msecnd.net/images/madtv.png"
		genre1="facebook.com/greektvroku"
		url="http://144.76.2.213:1935/live/livestream/playlist.m3u8"
		ishd="true"
		bitrate="512"
		streamformat="hls"
		live="true">
		</item><item type="video"
		title="EXTRA"
		sdposterurl="https://az832071.vo.msecnd.net/images/extra.png"
		hdposterurl="https://az832071.vo.msecnd.net/images/extra.png"
		genre1="facebook.com/greektvroku"
		url="http://213.16.167.186:1935/live/stream/playlist.m3u8"
		ishd="true"
		bitrate="512"
		streamformat="hls"
		live="true">
		</item><item type="video"
		title="Greek Voice TV (WZRA)"
		sdposterurl="https://az832071.vo.msecnd.net/images/greekvoice.png"
		hdposterurl="https://az832071.vo.msecnd.net/images/greekvoice.png"
		genre1="facebook.com/greektvroku"
		url="http://iphone-streaming.ustream.tv/uhls/1989576/streams/live/iphone/playlist.m3u8"
		ishd="true"
		bitrate="512"
		streamformat="hls"
		live="true">
		</item><item type="video"
		title="Greek Music TV"
		sdposterurl="https://az832071.vo.msecnd.net/images/tilemousiki.png"
		hdposterurl="https://az832071.vo.msecnd.net/images/tilemousiki.png"
		genre1="facebook.com/greektvroku"
		url="http://iphone-streaming.ustream.tv/uhls/18655753/streams/live/iphone/playlist.m3u8"
		ishd="true"
		bitrate="512"
		streamformat="hls"
		live="true">
		</item><item type="video"
		title="Omega"
		sdposterurl="https://az832071.vo.msecnd.net/images/omegatv.png"
		hdposterurl="https://az832071.vo.msecnd.net/images/omegatv.png"
		genre1="facebook.com/greektvroku"
		url="http://stream2.omegatv.net/hls-live/livepkgr/_definst_/liveevent/omegatv.m3u8"
		ishd="true"
		bitrate="512"
		streamformat="hls"
		live="true">
		</item><item type="video"
		title="Kontra TV"
		sdposterurl="https://az832071.vo.msecnd.net/images/kontratv.png"
		hdposterurl="https://az832071.vo.msecnd.net/images/kontratv.png"
		genre1="facebook.com/greektvroku"
		url="http://flashcloud.mediacdn.com/live/kontratv/playlist.m3u8"
		ishd="true"
		bitrate="512"
		streamformat="hls"
		live="true">
		</item><item type="video"
		title="4E TV"
		sdposterurl="https://az832071.vo.msecnd.net/images/4etv.png"
		hdposterurl="https://az832071.vo.msecnd.net/images/4etv.png"
		genre1="facebook.com/greektvroku"
		url="http://82.192.84.30:554/live/myStream.sdp/playlist.m3u8"
		ishd="true"
		bitrate="512"
		streamformat="hls"
		live="true">
		</item><item type="video"
		title="Crete TV"
		sdposterurl="https://az832071.vo.msecnd.net/images/cretetv.png"
		hdposterurl="https://az832071.vo.msecnd.net/images/cretetv.png"
		genre1="facebook.com/greektvroku"
		url="http://live.cretetv.gr:1935/cretetv/myStream/playlist.m3u8"
		ishd="true"
		bitrate="512"
		streamformat="hls"
		live="true">
		</item><item type="video"
		title="Zougla TV"
		sdposterurl="https://az832071.vo.msecnd.net/images/zougla.png"
		hdposterurl="https://az832071.vo.msecnd.net/images/zougla.png"
		genre1="facebook.com/greektvroku"
		url="http://zouglahd-f.akamaihd.net/i/zougla_1@56341/index_700_av-b.m3u8"
		ishd="true"
		bitrate="512"
		streamformat="hls"
		live="true">
		</item><item type="video"
		title="Vouli - Greek Parliament"
		sdposterurl="https://az832071.vo.msecnd.net/images/vouli.png"
		hdposterurl="https://az832071.vo.msecnd.net/images/vouli.png"
		genre1="facebook.com/greektvroku"
		url="http://streamer-cache.grnet.gr/parliament/parltv.sdp/master.m3u8"
		ishd="true"
		bitrate="512"
		streamformat="hls"
		live="true">
		</item><item type="video"
		title="Agios Nikolaos Michigan"
		sdposterurl="https://az832071.vo.msecnd.net/images/stnick.png"
		hdposterurl="https://az832071.vo.msecnd.net/images/stnick.png"
		genre1="facebook.com/greektvroku"
		url="http://greekhls-lh.akamaihd.net/i/stnicholas_mi@98986/master.m3u8"
		ishd="true"
		bitrate="512"
		streamformat="hls"
		live="true">
		</item><item type="video"
		title="LYXNOC"
		sdposterurl="https://az832071.vo.msecnd.net/images/lyxnoc.png"
		hdposterurl="https://az832071.vo.msecnd.net/images/lyxnoc.png"
		genre1="facebook.com/greektvroku"
		url="http://erato.multiserver.gr:1935/imp/imp/playlist.m3u8"
		ishd="true"
		bitrate="512"
		streamformat="hls"
		live="true">
		</item><item type="video"
		title="Sigma CY"
		sdposterurl="https://az832071.vo.msecnd.net/images/sigma.png"
		hdposterurl="https://az832071.vo.msecnd.net/images/sigma.png"
		genre1="facebook.com/greektvroku"
		url="http://81.21.47.74/hls/live.m3u8"
		ishd="true"
		bitrate="512"
		streamformat="hls"
		live="true">
		</item><item type="video"
		title="Makeleio"
		sdposterurl="https://az832071.vo.msecnd.net/images/makeleio.png"
		hdposterurl="https://az832071.vo.msecnd.net/images/makeleio.png"
		genre1="facebook.com/greektvroku"
		url="http://makeliolive-lh.akamaihd.net/i/event_1@167269/master.m3u8"
		ishd="true"
		bitrate="512"
		streamformat="hls"
		live="true">
		</item><item type="video"
		title="Radio Vereniki Web TV"
		sdposterurl="https://az832071.vo.msecnd.net/images/vereniki.png"
		hdposterurl="https://az832071.vo.msecnd.net/images/vereniki.png"
		genre1="facebook.com/greektvroku"
		url="http://iphone-streaming.ustream.tv/uhls/7948248/streams/live/iphone/playlist.m3u8"
		ishd="true"
		bitrate="512"
		streamformat="hls"
		live="true">
		</item><item type="video"
		title="Diktyo TV"
		sdposterurl="https://az832071.vo.msecnd.net/images/diktyo.png"
		hdposterurl="https://az832071.vo.msecnd.net/images/diktyo.png"
		genre1="facebook.com/greektvroku"
		url="http://iphone-streaming.ustream.tv/uhls/2785459/streams/live/iphone/playlist.m3u8"
		ishd="true"
		bitrate="512"
		streamformat="hls"
		live="true">
		</item><item type="video"
		title="Top Channel (Kozani)"
		sdposterurl="https://az832071.vo.msecnd.net/images/topchannel.png"
		hdposterurl="https://az832071.vo.msecnd.net/images/topchannel.png"
		genre1="facebook.com/greektvroku"
		url="http://iphone-streaming.ustream.tv/uhls/18640065/streams/live/iphone/playlist.m3u8"
		ishd="true"
		bitrate="512"
		streamformat="hls"
		live="true">
		</item><item type="video"
		title="TV Epiloges"
		sdposterurl="https://az832071.vo.msecnd.net/images/epiloges.png"
		hdposterurl="https://az832071.vo.msecnd.net/images/epiloges.png"
		genre1="facebook.com/greektvroku"
		url="http://iphone-streaming.ustream.tv/uhls/14718903/streams/live/iphone/playlist.m3u8"
		ishd="true"
		bitrate="512"
		streamformat="hls"
		live="true">
		</item><item type="video"
		title="Tilesport"
		sdposterurl="https://az832071.vo.msecnd.net/images/tilesport.png"
		hdposterurl="https://az832071.vo.msecnd.net/images/tilesport.png"
		genre1="facebook.com/greektvroku"
		url="http://tv1.streampulse.eu:1935/tilesport/movie1/live.m3u8"
		ishd="true"
		bitrate="512"
		streamformat="hls"
		live="true">
		</item></item></channel></orml>