<?xml version="1.0" encoding="UTF-8"?>
<style>
	<theme name="OverhangSliceSD" value="pkg:/images/overhang_bg_sd.png"/>
	<theme name="OverhangPrimaryLogoSD" value="pkg:/images/overhang_logo_sd.png"/>
	<theme name="GridScreenOverhangSliceSD" value="pkg:/images/overhang_bg_sd.png"/>
	<theme name="GridScreenLogoSD" value="pkg:/images/overhang_logo_sd.png"/>
	<theme name="OverhangSliceHD" value="pkg:/images/overhang_bg_hd.png"/>
	<theme name="OverhangPrimaryLogoHD" value="pkg:/images/overhang_logo_hd.png"/>
	<theme name="GridScreenOverhangSliceHD" value="pkg:/images/overhang_bg_hd.png"/>
	<theme name="GridScreenLogoHD" value="pkg:/images/overhang_logo_hd.png"/>
	<theme name="GridScreenDescriptionOffsetSD" value="(53,40)"/>
	<theme name="GridScreenDescriptionOffsetHD" value="(72,61)"/>
	<theme name="OverhangPrimaryLogoOffsetSD_X" value="72"/>
	<theme name="OverhangPrimaryLogoOffsetSD_Y" value="23"/>
	<theme name="GridScreenLogoOffsetSD_X" value="72"/>
	<theme name="GridScreenLogoOffsetSD_Y" value="23"/>
	<theme name="GridScreenOverhangHeightSD" value="92"/>
	<theme name="OverhangPrimaryLogoOffsetHD_X" value="72"/>
	<theme name="OverhangPrimaryLogoOffsetHD_Y" value="23"/>
	<theme name="GridScreenLogoOffsetHD_X" value="72"/>
	<theme name="GridScreenLogoOffsetHD_Y" value="23"/>
	<theme name="GridScreenOverhangHeightHD" value="138"/>
	<theme name="BackgroundColor" value="#000000"/>
	
	

</style>
